gene_name,total variance,interclonal variance,intraclonal variance,ANOVA F,p
LRRC28,3795.3354,2150.0641280412674,1645.2710050344467,56.02967487282699,8.880817186113218e-58
PLS3-1,1399.5194,765.1807247400284,634.338740559062,51.718618894874375,1.6675048889808167e-54
REG4,1592.97,853.9732651114464,738.9967542886734,49.545689516453194,8.464181129989064e-53
AMICA1,3789.3022,2007.6078813672066,1781.6941401571967,48.31142785597566,8.199558566813118e-52
AC010970.2,113.19789,53.244806200265884,59.95308857411146,38.07762235659321,4.236297919304417e-43
KLRC2,2903.4702,1353.309981316328,1550.1603764216416,37.43042741350224,1.6334675783299334e-42
CXCR6,3656.9214,1648.9499152898788,2007.971533715725,35.20902882882333,1.8189728296222642e-40
KLRC3,994.3357,446.2662671934813,548.0694562345743,34.91102448469831,3.456305146493828e-40
KLRD1,3032.746,1319.7071748375893,1713.038864850998,33.03045031969152,2.0974561401933088e-38
ANXA1,3694.811,1600.341854546219,2094.4692521095276,32.75992566831009,3.8162367109321743e-38
CD2,383.09158,163.83985386230052,219.25171348452568,32.039128099411265,1.8991443970497587e-37
IL32,110.80702,46.39456569775939,64.41243909299374,30.881721485808466,2.5762794293531983e-36
TIMD4,2454.483,1020.0391559880518,1434.4439723491669,30.488593250083465,6.30163212250546e-36
GPR15,2079.5078,861.1978939175606,1218.3099275231361,30.30744383474148,9.530398090276825e-36
CCL4L1,3718.016,1520.6217052936554,2197.3940827846527,29.669987793834807,4.117737611230144e-35
KLRB1,2694.5276,1057.0589177161455,1637.4689293205738,27.67771667941492,4.3175264797303405e-33
MALAT1,207.07918,80.15734138898551,126.92182560265064,27.07765977785448,1.7957607136339156e-32
KLRC1,2956.2627,1125.9509721323848,1830.3115396499634,26.37537210709404,9.660780003629536e-32
ALOX5AP,3461.5955,1286.5013774037361,2175.094078063965,25.359246348223053,1.1338658358019926e-30
CCL3L1,1605.8031,576.0751471817493,1029.7279333472252,23.986162883947816,3.336887380190478e-29
MIR155HG,2232.6177,797.2702353000641,1435.347721837461,23.815108226688732,5.107950659875088e-29
LAG3,2003.5653,694.665373764261,1308.8998948335648,22.754817245920776,7.31322157444546e-28
SAMD3,2027.8362,698.376217648387,1329.4599707126617,22.522588864126238,1.3168227664895875e-27
LAIR2,3156.7373,1077.9389723874629,2078.798323124647,22.232379604599707,2.7534054163474666e-27
PLEK,3151.9485,1075.5698369145393,2076.378660917282,22.20936750396896,2.9196227896989395e-27
B2M,43.278084,14.736778201418929,28.541298482567072,22.137723193349522,3.5045597430632816e-27
RP11-217O12.1,154.7895,51.68992047687061,103.09958179295063,21.49577429806179,1.8145332200303474e-26
RP3-477M7.5,1017.2701,336.2781654894352,680.9918938465416,21.17195002707117,4.1823949804956674e-26
CD74,1063.0503,346.4429272413254,716.6073032617569,20.72786648679488,1.322621082248642e-25
CCL4,1531.3993,494.91993371397257,1036.4792892932892,20.472856888877118,2.5701874183376393e-25
CCL3L3,2621.219,844.578202009201,1776.6406297683716,20.381888044441222,3.2594194868822685e-25
CCL5,163.0455,51.97052811551839,111.07499863952398,20.060647492639035,7.560305367248055e-25
FTL,146.19504,46.19965594448149,99.99538363516331,19.809016942689077,1.4652465811005942e-24
LGALS3BP,792.9534,246.25793391652405,546.6954413950443,19.312963155003686,5.4375531931107616e-24
PDGFA,1751.6095,543.9352000621147,1207.6742423772812,19.31085460327103,5.468052988872002e-24
IFITM1,2926.0112,907.5632497908082,2018.448169350624,19.278064666530234,5.965106958126841e-24
CCL4L2,2563.7686,787.991456747055,1775.7771368026733,19.025548312250983,1.1673207264319331e-23
GIMAP4,3329.3193,1016.1661888360977,2313.153183698654,18.834950341111313,1.9406809256620044e-23
DOCK5,1451.207,441.8322746157646,1009.3747682571411,18.767616716693063,2.3231986422537993e-23
CADM1,1892.3055,575.7362091089599,1316.5691705197096,18.74925413588599,2.440094629194534e-23
MT-TN,1218.4158,370.4715829263441,847.9442684650421,18.73232676803198,2.5530862526466487e-23
CSF1,2979.7139,894.3029761314392,2085.411033630371,18.386418544494767,6.453846323505475e-23
SLAMF7,1371.4218,410.05026665329933,961.3713541207835,18.28731957469101,8.424908409607692e-23
ACTB,144.79231,41.97884989902377,102.8134381622076,17.505913833764144,6.981110434946513e-22
CD40LG,1259.8936,362.56671470589936,897.32692694664,17.323728315956163,1.146829857762417e-21
RPL38P4,1283.6697,362.521563497583,921.1480547189713,16.873630634437852,3.930649828554113e-21
CCL3,1906.2441,538.003505356377,1368.2404996156693,16.858805377149718,4.093951919160878e-21
HLA-DRB5,2836.3496,799.3039782941341,2037.0453496426344,16.823463491067162,4.511293353957543e-21
SELL,2120.1743,596.6609026598744,1523.513264656067,16.791344581641837,4.9275722727307435e-21
TMSB10P1,470.59076,132.13762877508998,338.45313346385956,16.739099962674572,5.688801327968765e-21
ID3,1274.867,357.0024292767048,917.864563703537,16.676184875770616,6.7641239902780634e-21
FAM49A,1961.8856,536.7924057617784,1425.0932151526213,16.14980280049361,2.89676279425514e-20
CCL20,782.0639,212.56355990841985,569.5002895593643,16.00291132094938,4.355420392691716e-20
CD200R1,1117.8207,302.60696263611317,815.2138161659241,15.915178650974482,5.558910162945329e-20
RP11-465B22.3,810.4695,218.10508329607546,592.3643842637539,15.786322903160112,7.958887056535059e-20
MAF,1347.6926,362.5294966697693,985.1631515026093,15.777541157532008,8.156144403300128e-20
IFNG,3187.014,846.8612517565489,2340.152883172035,15.51572823731311,1.694642616898097e-19
IL2RA,3378.712,897.6054983884096,2481.106518268585,15.511158211078865,1.7164539263736621e-19
ASB2,2024.9374,534.2840504050255,1490.6534017343074,15.367374222917089,2.5677718716993564e-19
STMN1,2142.7375,561.3605174422264,1581.3769762376323,15.2198574704168,3.8849668127570254e-19
GNG8,2268.4534,592.5714541273192,1675.8817789554596,15.160079556174974,4.595843590275824e-19
SRGN,334.71698,87.26780220493674,247.44917850196362,15.12070899644135,5.1340811882167835e-19
NKG7,311.73376,80.891671217978,230.8421400859952,15.024251647375966,6.736161343793718e-19
S1PR1,1243.6293,320.031261049211,923.5980852344073,14.85639753573382,1.0815466243467522e-18
SH3BGRL3,84.47627,21.598527844063938,62.87772447615862,14.727582606227541,1.5566030300681394e-18
FCGR3A,2125.0933,541.6793827058282,1583.4137969128788,14.667362112665879,1.845870663003325e-18
CCL23,1797.5336,448.10342597961426,1349.4302229881287,14.23744189331454,6.258313596427781e-18
LTB,794.2313,197.3712090961635,596.8601444661617,14.178012501683751,7.413175037868873e-18
AC092580.4,381.9169,94.25750920549035,287.65939985215664,14.048874152078575,1.0715858998952502e-17
EOMES,1760.8447,434.56163666024804,1326.2830854654312,14.048154859239334,1.0737893759499947e-17
SRRT,2134.9617,522.5423409491777,1612.419358432293,13.894650142366647,1.6653549608140046e-17
TMSB10,348.5978,83.60465575009584,264.9931437820196,13.526952298184625,4.7825670413118816e-17
EPAS1,1735.2455,410.9356611326657,1324.3097761042882,13.30418818087436,9.08538397817487e-17
CCR2,1735.5204,409.1748004257679,1326.3457121253014,13.22684531481899,1.1357881307295096e-16
CLDND1,1390.0304,327.3517986703664,1062.6785025000572,13.207389003327659,1.201442370471287e-16
IFI44L,948.25323,222.80584618235025,725.4473192542791,13.16815212011264,1.345675668822688e-16
NPTN,1645.6233,385.8253694996238,1259.7978785037994,13.130886310860285,1.4987475977686984e-16
AOAH,2125.3037,493.299763225019,1632.003937780857,12.959666860260178,2.460367390747524e-16
CD300A,964.0082,222.7885035118088,741.2195148468018,12.88694765415487,3.037933311803346e-16
RDH10,2518.3525,575.5544770241249,1942.797901749611,12.701731960996183,5.202713293301452e-16
FTLP3,175.56508,40.00794127583504,135.5571530163288,12.654001976530166,5.977714704336558e-16
KLRG1,709.10205,161.16405589994974,547.9379873275757,12.610749859508045,6.77978354491582e-16
PDE7B,793.34485,180.27914516814053,613.0657359212637,12.607894873571476,6.836381525316049e-16
CD9,1885.0303,428.0746966600418,1456.9556649047881,12.597296583145312,7.050667960452441e-16
S100A4,1372.2229,310.34998379985336,1061.8730356395245,12.530928942371041,8.554805555497866e-16
GZMA,1908.124,425.16063356399536,1482.9633828103542,12.292118858330198,1.7179201160526594e-15
PER3,391.5365,85.95360074890777,305.58287581801414,12.059774692035196,3.392407990517082e-15
APOBEC3C,104.546906,22.881466157734394,81.66542944312096,12.012951725137837,3.891954413862853e-15
LRRN3,2308.2769,504.63972426299006,1803.6371258199215,11.995998456696173,4.090512713660721e-15
UBA52P5,666.4508,143.8453542161733,522.6054707989097,11.801195943452985,7.251510339423747e-15
COTL1,2621.887,563.7070918679237,2058.17995095253,11.74287095385017,8.609881366419766e-15
HLA-DMA,3357.648,719.8265787437558,2637.8215799331665,11.700019742965512,9.768279388746514e-15
CD3G,353.9995,74.97885774169117,279.0206920206547,11.521434135920776,1.654287039613403e-14
LPAR6,2596.4312,544.7831389904022,2051.647720813751,11.384789331644669,2.4775446392397055e-14
RCBTB2,1431.5298,298.7768079005182,1132.7529393434525,11.30878163614342,3.102579678109741e-14
CD52,862.45215,178.7727196488413,683.6794925630093,11.211218763063394,4.142551459826564e-14
GIMAP7,2671.7178,551.3611306585371,2120.356898546219,11.148881819467663,4.983834637549151e-14
SKIL,1959.3906,401.06049835681915,1558.330010175705,11.034549007440212,6.998353822047302e-14
PFN1P1,106.71684,21.792444344144315,84.92439576238394,11.002151300192649,7.705672569069642e-14
MX1,2450.72,499.97578582167625,1950.7441866397858,10.988863616212695,8.016140836157996e-14
CCDC50,378.86774,77.0856707996063,301.7820918276557,10.951770250902083,8.950942036054223e-14
GZMB,433.54022,88.17917857435532,345.36103734374046,10.947043448947435,9.077675027290119e-14
CRIM1,1887.2568,381.31296954490244,1505.943908214569,10.856176966525032,1.1896540382748237e-13
ID2,439.35773,88.66722828136699,350.6905012726784,10.840348965162534,1.247072953736626e-13
MT-CYB,77.40908,15.61375746014528,61.79532393068075,10.833179737914746,1.2739884465142253e-13
MT-TE,283.697,57.20119985938072,226.49580724537373,10.828021382815429,1.29371462874036e-13
C1orf21,478.08356,95.92448229668662,382.15907517494634,10.761911585084516,1.5754222738830906e-13
HLA-DRB6,398.90857,79.95538837835193,318.9531960003078,10.747932046802662,1.6424716688511908e-13
RGS1,1673.9358,334.21461072564125,1339.721061706543,10.695846952356595,1.9185152472216756e-13
HLA-DQB1,1559.8809,304.32475525024347,1255.5561298131943,10.392147010819421,4.755465146841617e-13
HLA-DPA1,2726.389,526.1158577203751,2200.2731370925903,10.25200781643313,7.237375951164669e-13
LAT2,1626.7339,312.1756783723831,1314.5583173036575,10.181771347861895,8.935193311110094e-13
ISG20,1793.7117,344.1976309157908,1449.5141295194626,10.180979353686515,8.956460122395686e-13
XBP1,2837.9404,544.3746108561754,2293.565937280655,10.176320227414717,9.082600768032006e-13
STEAP1,979.57764,186.86134493845748,792.7163639068604,10.106616349826849,1.1197416005059901e-12
CXCR3,2212.6152,420.503410898149,1792.1119225025177,10.06024429382859,1.2871708955443866e-12
NDFIP2,2245.2722,425.4763650097884,1819.7960104942322,10.024364843420178,1.4337815851564427e-12
IFITM2,3016.6987,567.0110029615462,2449.6880881786346,9.92395598006579,1.9394784003405525e-12
SIRPG,3594.6162,675.6319349892437,2918.984487056732,9.923903104354121,1.9397871488003293e-12
NCR3,3341.8145,625.6289110407233,2716.185691356659,9.87555440197951,2.2437940199714147e-12
LTA,2216.6162,414.5107920439914,1802.1056163311005,9.86188048460133,2.3381452658284813e-12
CD82,3113.7515,582.1288442015648,2531.6229296922684,9.858803972112844,2.3599164228137732e-12
SGK1,2156.3284,402.61127880960703,1753.7168538570404,9.843070471152046,2.474477936072705e-12
STK17B,319.94696,59.70462071150541,260.24233746528625,9.836353446322896,2.5250720239051386e-12
RP11-81H14.2,2727.5708,507.1510449559428,2220.4200715236366,9.792787108776853,2.879402710811369e-12
PFN1,67.87529,12.569531836546957,55.305752001702785,9.744351319467789,3.332248477121319e-12
NCR1,591.4129,108.88871526159346,482.5241810530424,9.675377629059412,4.103254004167543e-12
MT-TI,626.3809,114.34500110149384,512.0359308719635,9.574605270137667,5.563061901613732e-12
SIT1,3316.0083,604.7494411058724,2711.258528470993,9.563319770186823,5.756073042581152e-12
MT-CO2,74.60448,13.576341069303453,61.02813094854355,9.537988699624057,6.2141290530478376e-12
PATL2,1443.8801,260.49423234164715,1183.3860421180725,9.437909366970347,8.411038830033675e-12
MT-ND4L,103.460335,18.636159332934767,84.82418148219585,9.419782395038958,8.88540168392242e-12
CTSL,706.67365,127.07032690942287,579.6032910346985,9.39977455358401,9.440220161071604e-12
CTLA4,3567.7031,637.8038025833666,2929.8993434906006,9.333371160520064,1.154315796123826e-11
ITM2A,2972.0503,530.7112220972776,2441.338924884796,9.320395220624487,1.2006028423903742e-11
HLA-DRA,2827.5095,501.8917760608456,2325.61756169796,9.252858360296253,1.47335198607077e-11
VAMP5,3465.7222,614.5961386803538,2851.1257581710815,9.242247337003993,1.5215307669679587e-11
KIAA0101,1583.7437,279.99327982217073,1303.7502461536787,9.20783095365991,1.6889467854017068e-11
XAF1,2596.0596,454.4470685720444,2141.6125185489655,9.098012780681696,2.3571146045985195e-11
CAPG,1531.594,266.18260621226545,1265.411470592022,9.018868175749594,2.9978490680441095e-11
CDKN1A,1691.0479,290.15273454785347,1400.895223736763,8.880249059994531,4.5699335350478356e-11
MT-TG,889.47705,152.26068119704723,737.2164290547371,8.855169864694773,4.932453043483699e-11
SPOCK1,1980.2156,338.52300920151174,1641.6927087306976,8.840980984033665,5.1501902845927914e-11
C3orf14,1691.0564,288.49481930211186,1402.5613821502775,8.81901892850829,5.506379955118344e-11
HNRNPH1,95.64528,16.29969392507337,79.34558653831482,8.807665397999884,5.7001017749797604e-11
IFITM3,1260.969,214.70411335397512,1046.2648650407791,8.798382864259608,5.863556316900482e-11
ADAM19,1524.2947,259.35067811608315,1264.9440700113773,8.790633979672359,6.003600445823663e-11
ITGB1,2469.247,420.0368354320526,2049.209921360016,8.788303790368643,6.046366101714645e-11
SHC4,1014.58203,171.5245871838415,843.0575642585754,8.72314891329486,7.374229597901703e-11
CMTM6,2146.992,362.62107666768134,1784.371017217636,8.713086298817952,7.603921642018342e-11
IL18RAP,1112.0134,186.07971806358546,925.9337192177773,8.616348823235567,1.0213224318882912e-10
CST7,917.5586,151.99720432610775,765.5614505857229,8.512550012145823,1.4020589747364825e-10
NUCB2,2560.071,423.2775768637657,2136.793157696724,8.493113169454332,1.4878098731522528e-10
CTNNB1,375.2909,62.01680641528219,313.2740751206875,8.487681510290525,1.512700042977491e-10
MT2A,2423.4707,400.0936070084572,2023.3773264884949,8.477911250620679,1.5585274523935894e-10
FKBP11,2487.5684,410.43114401213825,2077.137073278427,8.471870020472947,1.5875578726834769e-10
HLA-DRB1,3233.2236,533.2258336022496,2699.9976382255554,8.46743615328547,1.6092088152616616e-10
CTSC,1474.8347,242.7895501642488,1232.0452229082584,8.449042104737169,1.702236906727001e-10
ITGB1P1,350.76093,57.5423678457737,293.21857887506485,8.413958729534484,1.89489021897405e-10
ZBTB32,1392.9086,226.54370601770643,1166.3648309409618,8.327635691547023,2.4672639155599175e-10
SLA,3659.13,592.4639763571322,3066.6659836769104,8.283227818588628,2.826307004310304e-10
EWSR1,2348.8987,378.030831553624,1970.8677887916565,8.22382505566182,3.3898522145018486e-10
CLECL1,1711.5807,274.74241012334824,1436.8382958173752,8.19826480706202,3.6658003297934137e-10
CD28,1119.9634,178.7919801734388,941.1714747399092,8.144856017926585,4.317283648815529e-10
MT-TH,1605.8586,255.6360590569675,1350.2226577997208,8.117473046947818,4.69511213426402e-10
HLA-B,530.4973,84.40194929263089,446.09540778398514,8.112017099431487,4.774265080331288e-10
CLEC7A,887.2106,141.08979768119752,746.1207543611526,8.107568433424483,4.839793940203991e-10
GZMK,518.7645,82.4531718250364,436.3113697171211,8.102424065388076,4.916695644073694e-10
AKR1C3,1845.7256,293.2849641367793,1552.4405666589737,8.099886789499676,4.955074599420211e-10
HOXB2,1953.5969,310.2888391521792,1643.30797290802,8.095642568512215,5.019945503129178e-10
PRDX2,2826.2024,448.88316567614675,2377.319180250168,8.09561706658991,5.020337850321564e-10
SMCO4,3018.0342,478.79500713944435,2539.2393732070923,8.084442982299901,5.195243369774588e-10
MKI67,829.59924,131.58444492518902,698.0147943496704,8.082469199558654,5.226767496788212e-10
PAX8-AS1,1526.721,241.78948581285658,1284.9314066171646,8.067920319201063,5.465127916150257e-10
LINC00861,1109.5066,174.42131067067385,935.0853254199028,7.997466639364683,6.782938467292515e-10
SOCS2,2906.791,456.5614672170195,2450.2294087409973,7.9890776092627105,6.959728301164453e-10
TC2N,1761.9689,275.86497899051756,1486.1038353443146,7.958872518136046,7.635406977546613e-10
GOLIM4,773.3517,120.89990563527681,652.4517734050751,7.944776404024367,7.972866826375709e-10
CORO1A,3122.0483,487.8983845114708,2634.1500248908997,7.941325679351051,8.057730185459647e-10
GNPTAB,2740.5496,425.5021150477696,2315.0474491119385,7.880358214546042,9.715688006139475e-10
IFI6,525.2494,81.46945819305256,443.77995279431343,7.871024813160257,9.998086240454642e-10
CREM,2815.4573,434.4744294397533,2380.9828050136566,7.823698316092029,1.156180806284858e-09
MT-TF,1253.445,193.38979854993522,1060.0551680326462,7.821845374535375,1.1627786627203367e-09
ISG15,3245.1628,497.26701039634645,2747.8959765434265,7.758780991979963,1.4113233932659018e-09
KIAA0319L,1851.6097,282.1119952384688,1569.4978737831116,7.70663789858745,1.6565894952750308e-09
IDH2,2261.4841,342.0090712197125,1919.474922657013,7.63940114843865,2.0369642309534783e-09
USP18,721.75604,109.01333124935627,612.7427657842636,7.62790984783616,2.1102291329827112e-09
CDKN2B,1761.4148,265.87554723769426,1495.539129793644,7.622277385272456,2.1470986004586395e-09
FAIM3,2184.2861,329.4683684713673,1854.817500591278,7.615820043592864,2.1901626365119464e-09
PHLDA1,1256.7571,188.14741908106953,1068.6096827983856,7.5488934107130135,2.6908188076444687e-09
SOX4,846.47754,126.60359994089231,719.8738271323964,7.5403899167839,2.7621491740910023e-09
MPZL2,883.92993,131.61492256447673,752.3149212002754,7.500834618498424,3.119682221598673e-09
LY6E,2890.4268,426.82381521817297,2463.602846801281,7.428174188562823,3.901667191306041e-09
CLIC3,1312.3453,193.48111049598083,1118.864054709673,7.414218534947686,4.0729815137383626e-09
CTSW,1537.4751,225.7257863287814,1311.749372601509,7.3779285060016875,4.554581956044747e-09
ZWINT,1366.0852,199.28608670830727,1166.7991585482378,7.322932061632466,5.39539051749387e-09
SUPT3H,2200.6519,319.17897142260335,1881.4728915691376,7.273449679272857,6.284054284747709e-09
LYAR,1954.499,282.8604341223836,1671.638548731804,7.254942237481832,6.652901323953833e-09
WSB2,1799.0833,260.2904732073657,1538.7927420139313,7.252408809882969,6.7050515637321405e-09
RNF19A,2591.997,373.6401579107478,2218.3567881584167,7.221481168375206,7.375696315785417e-09
MT-ND4,101.19003,14.540612260545458,86.6494160592556,7.194840762049129,8.007007887068119e-09
TPI1P1,357.78302,51.039609437808394,306.74343633651733,7.134050791050353,9.657759549752378e-09
DESI1,1218.7292,173.1591874230653,1045.5700349211693,7.100624456326995,1.0706542830136791e-08
MT-TC,471.2971,66.86994170770049,404.4271381497383,7.089160148437268,1.1091921018939533e-08
ANXA2P2,294.59442,41.75253699469147,252.84188729524612,7.0800769714119065,1.1407096682028787e-08
HLA-G,206.7136,29.27533291639901,177.43825748562813,7.0738966701827115,1.162665835783552e-08
RP11-291B21.2,556.307,77.81227571645286,478.49472284317017,6.9722844622392595,1.5908114671250558e-08
RP11-673C5.1,410.87598,57.46198053844273,353.41397911310196,6.971094979797864,1.5966621093694842e-08
HSH2D,1598.1389,223.01776167284697,1375.12117934227,6.953486482039955,1.6858357535004782e-08
RUNX2,1363.3157,190.11783519387245,1173.1977282762527,6.947935533351028,1.714968126224799e-08
MT-RNR2,49.66523,6.905950395856053,42.75928393751383,6.924639422283649,1.84283002394646e-08
CD27,2557.5762,355.4778228155337,2202.0984501838684,6.92117632249522,1.8626357535097122e-08
BIN1,1571.6597,216.51572582498193,1355.1440260410309,6.850276846119548,2.3184096298503515e-08
MT-ND5,344.0089,47.29207030422549,296.7168237864971,6.83361155063005,2.4408369593329885e-08
BST2,3420.3457,469.1123138666153,2951.2334384918213,6.815181135691401,2.5837829129937248e-08
CTSH,1732.7908,237.15444004908204,1495.636278271675,6.798442084364461,2.7208611081758804e-08
PMCH,534.8916,73.17488091038831,461.71675103902817,6.7950166676272525,2.7497973629683622e-08
NAMPT,2448.2778,334.28414667304605,2113.993693113327,6.779789757792109,2.8822015298725674e-08
RRM2,1328.9902,180.67260588053614,1148.3177762031555,6.745813865862804,3.201102222265519e-08
HMGN2P8,1028.5112,139.38475862145424,889.1265544891357,6.721339606518155,3.452489744664998e-08
LGALS1,3709.2986,502.4527307897806,3206.8458725214005,6.717710076809463,3.4914169983196586e-08
IFI27L2,2534.767,342.3924618251622,2192.3743345737457,6.6959718371306405,3.733933441645078e-08
EMP3,2128.204,287.0993164256215,1841.1048570871353,6.685867534575706,3.85233053452786e-08
KIAA1217,609.8002,82.18009497714229,527.620013183332,6.678047617804588,3.946533792653497e-08
LCK,1778.1932,239.4933660775423,1538.6998318433762,6.67334710648089,4.004264880385408e-08
CD7,1449.2888,195.0434247907251,1254.245320558548,6.667345455335887,4.079206741147926e-08
TNFSF8,1602.6913,215.43032145616598,1387.261000752449,6.658137890002823,4.196918621865624e-08
ACTG1,1233.8776,165.8477980159223,1068.029732465744,6.657796242728419,4.201351148456329e-08
NEAT1,820.1545,109.99347097426653,710.1610198020935,6.640705328118285,4.429173212731651e-08
MAP3K6,538.00964,72.0490015950054,465.9605979323387,6.629532533638003,4.584749570206174e-08
RPS19,109.2112,14.541406514123082,94.66977886855602,6.585658187272966,5.2504385472153534e-08
MCM4,1200.175,158.58444916829467,1041.5906785232946,6.52781212263755,6.278203955609683e-08
ITGA4,2571.1865,339.6913418583572,2231.495153903961,6.5266851495048686,6.300109855644824e-08
CD38,1756.513,231.95327794190962,1524.559583902359,6.523193253164651,6.368471552374684e-08
RPL6,1554.7219,205.26801649481058,1349.4540207386017,6.521797758176298,6.39599864870878e-08
FUT8,2561.3896,334.60122737661004,2226.7884011268616,6.442474559555087,8.173182601424505e-08
DPYSL2,2362.455,308.3758159093559,2054.0791478157043,6.436759324086133,8.3188614667008e-08
CEACAM1,2841.7268,370.5999596789479,2471.1271481513977,6.430050870964491,8.493174925822143e-08
MTATP6P1,89.99195,11.733498234640138,78.25845256447792,6.428362947704702,8.537606642041977e-08
CCR1,1432.3281,186.0672512887977,1246.2608041763306,6.401255156443534,9.283885097534192e-08
PLSCR1,3167.4468,411.3703536391258,2756.076555252075,6.399497096213413,9.334479282329521e-08
TK1,1271.5386,164.27711331605678,1107.2612428483553,6.361083510253921,1.0511505811735488e-07
RGL4,781.7473,100.65064719505608,681.0966375470161,6.335953314980412,1.1360739828206498e-07
IDI1,2554.8647,328.63988652825356,2226.2247438430786,6.329295896053553,1.1596996528662506e-07
SH2D1A,2993.5093,384.6290003657341,2608.8805079460144,6.321089961940909,1.1894980083693706e-07
WDR76,838.6797,107.52047467790544,731.1592229902744,6.3049746305074175,1.250265390031713e-07
GZMH,1744.1073,222.44523829221725,1521.6620788574219,6.267711947543678,1.402933297120244e-07
CCND3,2645.1687,336.0080401331388,2309.1607184410095,6.2387795728807145,1.5342184107698742e-07
RP11-493L12.5,803.1858,101.75505340844393,701.4307698607445,6.21978405046755,1.6270263204308945e-07
MT-TR,928.7777,117.62849432323128,811.149178147316,6.217502069875245,1.6385468431508368e-07
MCM5,1688.9689,213.33656184002757,1475.6325194835663,6.198565678189533,1.7373490488807067e-07
SLC31A2,511.29364,64.48245099262567,446.81111542880535,6.187592454264601,1.7973069251280198e-07
STAP1,1481.1758,186.77705884352326,1294.3987845177762,6.186707291215077,1.8022327293307275e-07
HLA-DPB1,2639.629,332.53364600241184,2307.095020055771,6.179797515235743,1.8411515778779294e-07
ANXA2,2637.2715,331.2973289601505,2305.974042415619,6.159814775836196,1.9584977467166526e-07
HMGN1P38,424.36078,53.30028013186529,371.06052446365356,6.158697463053824,1.9652755229507506e-07
AFAP1L2,1267.0593,158.65602468326688,1108.4032318592072,6.13709601593721,2.1010223505582534e-07
PRF1,1048.5608,130.24871060275473,918.3120175600052,6.081172150976677,2.4976229722892225e-07
CALM3,2516.439,312.5812174952589,2203.8578305244446,6.081118080525192,2.498040567817657e-07
GAB3-1,1844.9431,227.14039369805323,1617.8027510643005,6.019673519158804,3.020694882528919e-07
TMSB4XP4,170.39816,20.94657259900123,149.45159313827753,6.0091985727528545,3.1201263515463844e-07
GLUL,601.24243,73.68825414218009,527.5542073249817,5.988737939113318,3.3238810067271644e-07
PPP2R5C,1928.7744,235.61290440242738,1693.1613960266113,5.966296715694375,3.56268546588529e-07
RAD54L2,1657.6451,202.21328745037317,1455.4319293498993,5.956922151149556,3.667452938735262e-07
SLC41A2,2327.7456,282.1437830924988,2045.601806640625,5.913621439334254,4.192775369404275e-07
CD70,3506.096,424.73495465517044,3081.361255645752,5.9098916582645575,4.2413992375487076e-07
S100A11,1589.0449,192.16184236109257,1396.883085489273,5.898087733194986,4.3990283310406585e-07
NELL2,1651.0037,199.44278368353844,1451.560807183385,5.890975636786668,4.496815814819058e-07
MT-TM,1588.0778,191.78073665499687,1396.2971527576447,5.888860453409652,4.526315422292552e-07
CFL1,334.5484,40.173851668369025,294.3745432496071,5.85123248521124,5.084637069974188e-07
CSF2,3446.1362,413.607376113534,3032.5292015075684,5.84773140586805,5.139962280275468e-07
PAG1,2092.4165,250.13652219175674,1842.2801065444946,5.8213750183121515,5.576228432463133e-07
IVNS1ABP,1405.3563,167.97086280898657,1237.385457277298,5.82013527036417,5.59763704044927e-07
FTH1P8-1,236.53331,28.267670363362413,208.26565527915955,5.819377012520998,5.610771487804868e-07
PRDM1,1034.9136,123.2168746185489,911.6967297196388,5.794606174462056,6.057210955981287e-07
FERMT3,2609.3794,309.9243728145957,2299.455163002014,5.778763464593005,6.361176647090233e-07
OAS1,2195.684,260.2806319686824,1935.4036279916763,5.765997301161024,6.617167218055132e-07
FXYD5,2551.611,302.39608418769785,2249.2149550914764,5.764336610068575,6.651215735124268e-07
ARHGDIA,1170.904,138.68524977145717,1032.2189513519406,5.7605317904339275,6.729885894827438e-07
APBB2,2038.9272,240.93863655719906,1797.9885528087616,5.745444834035414,7.051089728467126e-07
IL10RA,1473.704,174.1209702459164,1299.5829417705536,5.744486449724205,7.072003733498786e-07
THEMIS,1699.4124,200.54771047271788,1498.864725112915,5.736663851282526,7.245043479288641e-07
CYTIP,3012.023,354.8676026780158,2657.155179977417,5.726029318675035,7.48708826471943e-07
SNX1,2036.2842,239.58767729997635,1796.6965713500977,5.717338045854633,7.690890750351013e-07
HLA-H,235.80688,27.723705008625984,208.08318933844566,5.712397315823063,7.809207529191558e-07
ZNF330,2522.9548,296.3565865047276,2226.5981645584106,5.706592616773384,7.950539116993927e-07
TOB1,1895.2599,222.5988999903202,1672.6610305309296,5.7058349915975395,7.969173150837336e-07
SHCBP1,858.7833,100.84993462078273,757.9333777427673,5.704908998391609,7.992007510025429e-07
GINS2,668.69366,78.40179341920884,590.2918892269954,5.694601186627403,8.250647280812156e-07
IFI44,2085.8428,243.91066097375005,1841.932100534439,5.677554338846273,8.69685651068143e-07
TNFRSF18,2973.9756,347.6863419748843,2626.289177417755,5.676089305150401,8.736311219154857e-07
CASC7,875.6014,102.27557243069168,773.3258353471756,5.670397867927537,8.891290753323724e-07
SLC4A10,310.4934,36.26647147848689,274.2269677221775,5.670211713880152,8.896405900822111e-07
BIRC5,772.62317,89.9306724909693,682.6925454735756,5.647897591111973,9.531340399624539e-07
FEZ1,813.9791,94.61249492689967,719.366690993309,5.639002709994191,9.796879913280877e-07
MT-RNR1,212.04987,24.60373194613203,187.44611418247223,5.6276707137471895,1.0145904505177566e-06
HIRIP3,641.6956,74.29654060932808,567.3990054948954,5.614151853943634,1.0578565765234057e-06
RSAD2,641.4437,74.1030112116132,567.3407338261604,5.600103106066478,1.104771993833434e-06
TXN,1609.2,185.67670675073168,1423.5232483148575,5.592384115511696,1.1314280428417804e-06
MPRIP,1547.3496,178.48423495702446,1368.8653128147125,5.5904050618735015,1.1383651610489764e-06
MT-TL2,1104.3566,127.3674843981862,976.9891341328621,5.5895001313592925,1.1415513234143053e-06
CCDC109B,2088.729,240.42310601472855,1848.3057284355164,5.577075541018168,1.1862082565579733e-06
FAM49B,2729.2563,313.8826849758625,2415.373363018036,5.571693521338056,1.2060900849746692e-06
GGT1,478.39294,55.013992581516504,423.37894693017006,5.571190889474143,1.2079637723747068e-06
AC007969.5,343.1223,39.40238802321255,303.71991324424744,5.5622872022114125,1.2416405028763526e-06
LINC00892,2391.7778,274.56645107576696,2117.211463332176,5.5601609918293535,1.2498202482798574e-06
CNN2,2440.2427,279.70153743959963,2160.5410239696503,5.550555756487822,1.2874483639538033e-06
FRG1B,1503.5732,172.22648578695953,1331.346749305725,5.546421758243397,1.3039893638405171e-06
RB1,1487.2292,170.1932630117517,1317.0359934568405,5.540498655982995,1.32805945981668e-06
KLRC4,387.31393,44.260549454018474,343.0534223616123,5.531707116568884,1.3646065612811548e-06
LGALS9,420.19086,48.00582630187273,372.18502831459045,5.530178932810408,1.3710610220961547e-06
PVT1,1862.3317,212.33590060472488,1649.9957218170166,5.517530511171347,1.4256668287801715e-06
PRKCE,638.10004,72.74402455193922,565.3561399015598,5.516699709332703,1.4293286429899784e-06
TMSB4XP2,407.7553,46.44726321611233,361.30804789066315,5.511713403609127,1.4515042765852454e-06
RGS16,1169.0831,133.07422866299748,1036.0089230202138,5.50724750255331,1.4716569546570982e-06
MT-ATP6,89.2482,10.130997313855914,79.11720518767834,5.490164987516777,1.5513546773727975e-06
PTTG1,2733.3457,309.979494959116,2423.3661041259766,5.484260435822787,1.5798926036493402e-06
NFATC3,1653.9424,187.44703315198421,1466.495403289795,5.480270533656196,1.599472775236481e-06
PTP4A2,2284.8115,258.5596426986158,2026.2520062923431,5.4710592000784555,1.645607006420793e-06
WSB1,2189.9568,247.69475159794092,1942.2619643211365,5.467806439011234,1.662213623507354e-06
NAMPTL,360.14294,40.6484812629642,319.4944721162319,5.4548788359491835,1.729884389937214e-06
ETV5,248.39233,28.014442395418882,220.37788300961256,5.450271149265889,1.7546628391204804e-06
ARHGDIB,216.35315,24.372325182892382,191.98084568977356,5.443060939032909,1.7941495905848737e-06
LSP1,2988.9487,336.6255313679576,2652.323266983032,5.441576385904966,1.8023892235898552e-06
GALM,3084.1157,347.1492793224752,2736.9661903381348,5.43814731928139,1.8215660622478374e-06
SNX9,1321.1973,148.70212649926543,1172.4951920509338,5.4376373710358425,1.8244352599227913e-06
POU2F2,1300.1501,146.21415216475725,1153.9360632896423,5.432650883786827,1.852730305673252e-06
ENTPD1,1813.0814,203.80661297496408,1609.2748746871948,5.42990428095765,1.8685021274315707e-06
FAM3C,2429.433,272.87253837287426,2156.5606293678284,5.425031841635046,1.8968116159525867e-06
RAB7L1,2364.6318,265.4103142134845,2099.221417427063,5.4208036977111895,1.921724386098727e-06
CCDC28B,865.1941,96.6697353370837,768.5244378857315,5.393081466582749,2.0933569394578902e-06
HNRNPA1,2265.956,252.96767654642463,2012.9884023666382,5.388003785405073,2.126412582071498e-06
AHNAK,914.39954,102.03740238212049,812.3621465563774,5.385348942806512,2.1439024531637677e-06
RP11-492E3.2,904.687,100.60617937287316,804.0808225870132,5.364497970159156,2.2863532548898774e-06
TIMM23,2230.787,248.06065210700035,1982.726637840271,5.364128496640719,2.2889608221734507e-06
DPP4,2795.8872,310.50119960308075,2485.3859343528748,5.356407127349561,2.3441388103770793e-06
TXK,1947.0667,215.96134692430496,1731.1054018735886,5.348803567569091,2.399771897307635e-06
KLRK1,1957.8574,217.0376579388976,1740.8199181556702,5.3454636445043855,2.424623827245875e-06
IQCG,538.0895,59.62303150817752,478.46643104963005,5.342772888591528,2.4448320669369874e-06
PRSS21,497.271,55.06306270137429,442.20791292376816,5.338730367152892,2.4755087764253117e-06
FLNA-1,1639.642,181.43743822723627,1458.2045693397522,5.33473171567073,2.506230436589186e-06
STOM,1971.6631,217.85938378574792,1753.8037915229797,5.325978381938943,2.5748168374805687e-06
TRIM22,3353.1597,370.50647088873666,2982.6532731056213,5.325950918463344,2.5750349474121075e-06
HOTAIRM1,492.51697,54.383634411147796,438.1333525776863,5.321891866163107,2.60747477061511e-06
IL16,2097.8484,229.69086729176342,1868.1574569940567,5.271502087934383,3.04581415897316e-06
UBXN11,735.7432,80.407016787678,655.3361648670398,5.260583849315172,3.1500848977091625e-06
SGOL1,549.8546,60.07135652657598,489.78326058387756,5.258569694698394,3.1697058661463413e-06
IL18R1,1131.206,123.56426160575211,1007.6418721079826,5.257639507639365,3.1788084312542346e-06
ABI3,3010.8308,326.6631855275482,2684.167716026306,5.217887092475695,3.5931833071199863e-06
TXNIP,2317.312,250.79903855314478,2066.5127325057983,5.203456339186099,3.7565856295478597e-06
TMSB4XP8,99.76143,10.765129909850657,88.99628906697035,5.186226860959601,3.961413019214572e-06
RP11-475C16.1,391.56213,42.14328958559781,349.4188301563263,5.1711395753174525,4.149899874519049e-06
CD8B,2841.7275,305.7258545020595,2536.001787662506,5.168764499909031,4.180376087166226e-06
CD48,2578.9272,277.3973070830107,2301.5299911499023,5.167610062401071,4.1952699771477235e-06
EGR1,1998.2666,214.9206015826203,1783.3460334539413,5.16709635706986,4.2019145115448406e-06
RPS20,1814.0024,194.58192349225283,1619.4204394221306,5.151657819452573,4.4065776335503156e-06
ACTR3,2346.9937,251.56639866530895,2095.4273612499237,5.147355399779317,4.465364115542264e-06
HSPB1,2607.1084,279.4134808964445,2327.694784641266,5.146659722091245,4.474942749092134e-06
MLLT4,636.6637,68.20677976682782,568.4569296748377,5.144392705662864,4.506299213123198e-06
STAT1,2760.5146,295.4597645753529,2465.054913043976,5.138967630755682,4.582229108859899e-06
GBP1,3035.9482,324.91472188566695,2711.033271789551,5.1385273820901185,4.5884465555393215e-06
HNRNPL,122.06583,13.042562576127239,109.02326083183289,5.12917946303234,4.7224672235260535e-06
ARL4C,1617.8024,172.80472991392526,1444.9976074695587,5.127346063938468,4.749206903442993e-06
ATF4,1228.3009,131.12916859984398,1097.1716996133327,5.124232702775402,4.794960845975438e-06
GSTP1,3423.9485,365.5178405344486,3058.4304933547974,5.1240587114746905,4.797530750735603e-06
EEF1D,2679.9658,286.04214157164097,2393.923435688019,5.1229945941689605,4.813278003136773e-06
EMC7,3206.606,341.5208021849394,2865.085389614105,5.110739263394689,4.99839529089082e-06
RPS3A,1271.7738,135.39375120401382,1136.3800160884857,5.108332600614897,5.035573487836972e-06
MAP4K1,1981.8413,210.5538354218006,1771.2873344421387,5.096573276493778,5.221235075462751e-06
ANP32A,1762.3345,187.0862539485097,1575.2481501102448,5.09210129050523,5.293618647717615e-06
HMGN2,2200.1726,233.5230246342253,1966.6495245695114,5.091044213067931,5.310874191638802e-06
RPL27,1806.519,191.59967302251607,1614.9193974733353,5.086839624128062,5.38006610251002e-06
MRPL38,592.08777,62.7037770235911,529.3839505910873,5.078401861039968,5.521643641183965e-06
C7orf50,932.3896,98.26388908550143,834.1257374286652,5.050874293279048,6.009866983415763e-06
ACAT2,1673.5759,176.21697853936348,1497.359141588211,5.0457520477428615,6.105353008310883e-06
CTD-2328D6.1,713.444,75.11888537718914,638.3250375986099,5.045583395355129,6.108522517864232e-06
MT-TS2,1359.4648,143.045656144619,1216.4191378355026,5.04191550135733,6.17786099589876e-06
RP11-94L15.2,1461.7145,153.42680168431252,1308.2877480983734,5.028078977103033,6.4465650851624945e-06
HPGD,1028.9387,107.94040278161992,920.9983702301979,5.024921779291779,6.509491989571534e-06
PPIB,1812.5127,190.07443057186902,1622.4382770061493,5.022959163541724,6.548917600301838e-06
RNF213,1459.7046,153.03192961215973,1306.6727411746979,5.021336846916079,6.581686806873097e-06
ERI1,2546.3828,266.8975178152323,2279.4854049682617,5.020094031480501,6.606900980337787e-06
DDAH2,1755.896,183.7824434612412,1572.1135244369507,5.012152202063655,6.770313430231878e-06
RHOH,2900.394,303.397843814455,2596.996280670166,5.008933840362659,6.837676453043757e-06
WARS,3349.0725,349.81023539602757,2999.2623081207275,5.000600915097078,7.015211894977557e-06
AC016739.2,274.32733,28.646026276051998,245.68128737807274,4.999153129215274,7.046522541298427e-06
SELPLG,2946.5654,307.1969336271286,2639.3685030937195,4.990234790566286,7.242490707553301e-06
GPR155,504.42722,52.57307703467086,451.8541294336319,4.988491929213607,7.281417455921273e-06
CPNE8,431.5234,44.93805684428662,386.58530728518963,4.983943132058611,7.383999809245562e-06
C4orf48,2879.156,299.4264419488609,2579.729697227478,4.9764549798976,7.55601553775839e-06
IDS-2,2037.3689,211.87095093727112,1825.4978256225586,4.976158773751236,7.562901406705201e-06
ARL6IP6,1577.291,164.02141877822578,1413.2695690393448,4.975992184489364,7.566776834697483e-06
YPEL5,2734.9404,284.3583081513643,2450.5822916030884,4.975087963283306,7.5878466200858465e-06
DCK,1348.1776,140.01599050330697,1208.1616706848145,4.968859498271071,7.734576825182814e-06
CARS,1616.813,167.79547513648868,1449.0175409317017,4.964902627646,7.829258106047034e-06
AHI1,2040.5863,211.62013465166092,1828.9662091732025,4.960842484504716,7.92761124265911e-06
SPN,1310.5836,135.81726855353918,1174.7664226293564,4.956870810283812,8.025012453977083e-06
GIMAP1,1333.741,138.09267686866224,1195.6483511924744,4.951893685830694,8.148756551830739e-06
SSR3,2315.4836,239.62016171449795,2075.8634004592896,4.949128363280559,8.218329388114262e-06
MT-TD,875.98315,90.64191435277462,785.3412399291992,4.948513945639185,8.233867731222976e-06
PTPRN2,356.06674,36.83769635052886,319.2290244763717,4.947595957540597,8.25713779436336e-06
SPTBN1,379.49512,39.252581499516964,340.24255455008824,4.946337279936089,8.289150553289307e-06
SPC24,949.32166,98.18892568349838,851.1327119441703,4.9461736455455805,8.293321446377752e-06
GTPBP8,1254.9291,129.7162230744725,1125.2127740383148,4.942694566431069,8.382496617168423e-06
HLA-A,413.41016,42.71168447070522,370.69849303364754,4.940034842589086,8.451314089595083e-06
MT-TP,525.1823,54.18055564543465,471.0017723143101,4.932022467524446,8.662046556739913e-06
KLF6,1651.0491,170.29084798449185,1480.758189201355,4.930730865161037,8.696503469218453e-06
RPS27L,1590.3281,163.86458636075258,1426.4635021686554,4.925253348253278,8.844154943272607e-06
HMGN1,1955.9357,200.81917047365278,1755.1164326667786,4.905726921475731,9.391124018005525e-06
MINOS1,1138.7854,116.88341531902552,1021.9019999504089,4.903969687941125,9.44196991473645e-06
ANXA6,2527.7144,259.41746181994677,2268.2965066432953,4.903469913635638,9.456481013231462e-06
PPAP2A,2770.6057,284.1480128094554,2486.4574241638184,4.8996801356059505,9.567243847574369e-06
LMAN1,1995.86,204.15818619604033,1791.7017427682877,4.885457229968911,9.994583749201295e-06
HMGN2P5,888.4647,90.86691014096141,797.5978564023972,4.8845652492929785,1.0022009101597532e-05
NMI,2554.2402,260.7469748277217,2293.4931116104126,4.874453945008226,1.0338188290645374e-05
EIF1AY,2351.4072,239.98528841510415,2111.4217658042908,4.873194644215541,1.0378255976933997e-05
CLSPN,676.67456,69.06151978671551,607.6130126714706,4.873188360197962,1.0378456305479499e-05
SYNGR2,2804.5327,286.19767822511494,2518.335190296173,4.8725544959957,1.039868310114249e-05
ITGA1,1373.0225,140.0839820203546,1232.9384692311287,4.871371020541002,1.043655331927082e-05
AP2S1,3406.2144,346.93060675263405,3059.283627510071,4.8621349229478135,1.0736859374610231e-05
CTB-79E8.3,438.3907,44.62787318704068,393.7628524899483,4.85932091053006,1.0830054683218985e-05
CDC25B,1161.4407,117.91409118543379,1043.526617527008,4.844693536956788,1.1327625499725307e-05
PGAM1,2016.2543,204.2456759074703,1812.0086288452148,4.8327768505791315,1.174977004520857e-05
CRKL,1750.5417,177.18620719015598,1573.355385541916,4.828444166580539,1.190710747461886e-05
CDKN2A,2655.7454,268.7145669218153,2387.030581474304,4.826556117960172,1.1976324993436407e-05
HSPH1,1916.6442,193.3956243675202,1723.2484798431396,4.811747981644644,1.2533285270861709e-05
ITGAL,2788.9673,281.29159177001566,2507.675756931305,4.809384532192454,1.262453526823836e-05
NCDN,602.9525,60.78308075526729,542.1694886684418,4.806752578022338,1.2726930745051975e-05
GPR171,2425.4976,243.78249335289001,2181.7150099277496,4.790806477905332,1.3365235927062324e-05
MFNG,2427.8926,243.82957538601477,2184.0629633665085,4.786580432901677,1.353967904952821e-05
CDCA7,502.79767,50.48616627603769,452.31155420374125,4.785626984249194,1.357934800444071e-05
CHCHD2,2939.712,295.0763605684042,2644.635655403137,4.78379656325166,1.3655828706348797e-05
PDCD5,2505.0767,251.41523661464453,2253.661403656006,4.783073558594889,1.3686156134259944e-05
RPL41P1,345.45728,34.66132963966811,310.7959318757057,4.781608624449746,1.3747810584273704e-05
RP4-604A21.1,794.93713,79.74204654060304,715.195038318634,4.780430598995777,1.379759051462499e-05
RPL39L,490.43927,49.18440301530063,441.2548358440399,4.7790553394101645,1.3855932103867942e-05
TGIF1,1545.1765,154.9086289476254,1390.267793319188,4.777286432186369,1.3931334415999352e-05
MT-CO1,62.89421,6.293325044258381,56.600887447595596,4.767174569875764,1.4370277807646966e-05
CENPW,1026.2656,102.50132958980976,923.7641810774803,4.757431167158977,1.480624713289471e-05
DTL,602.6582,60.158061254769564,542.5001926422119,4.754425733447291,1.4943364523011144e-05
C14orf64,511.01578,50.99795560538769,460.01783970184624,4.753157721009622,1.500159380211596e-05
SEPT1,883.5896,88.10093694832176,795.4886677265167,4.748436809860268,1.5220379193141649e-05
HIST1H4C,3319.3838,330.96663064963286,2988.417072057724,4.74839821448755,1.522218088188379e-05
RP1-159A19.3,368.40076,36.65985783929864,331.7408957481384,4.738009166205579,1.5714959564215974e-05
EIF4H,2314.5796,230.2661740402691,2084.3135209083557,4.7366493154417455,1.578062522778695e-05
POLR2L,2531.9817,251.60325640057818,2280.3783218860626,4.730570149102556,1.6077537486214812e-05
CALR,371.3758,36.89933667203877,334.4764704108238,4.729956214469985,1.6107830082445312e-05
RP11-75L1.2,1093.7832,108.54475373029709,985.2383564710617,4.723584182061004,1.642561208506753e-05
RPL37A,1534.4268,152.18010659134598,1382.2465525865555,4.720374999593558,1.658801375262012e-05
EBP-1,3306.2139,327.841763086617,2978.3722949028015,4.719428667932,1.6636207612068086e-05
UBE2C,858.2955,84.88329972326756,773.4121865034103,4.705603996348523,1.7356357353051817e-05
KCNA3,541.1549,53.347504660952836,487.8073731963523,4.688888253883935,1.826866486368696e-05
TPI1,1670.8867,164.5920190839097,1506.2946323156357,4.684928610131234,1.84916734213373e-05
STYK1,679.52893,66.91643123634276,612.6124845743179,4.683290108349307,1.858474509403447e-05
TMSB4X,105.53054,10.385224614292383,95.14532507956028,4.679856892237797,1.8781276438770822e-05
DNMT1,1776.5734,174.42600208334625,1602.147319316864,4.667807229183031,1.9487561194787054e-05
CRELD2,1804.3737,176.90267157182097,1627.470759153366,4.660422929864188,1.993338680202061e-05
SOCS1,635.0083,62.22388540278189,572.7844012379646,4.657684603278694,2.0101280211733814e-05
HSP90AB1,2617.8298,256.3863359987736,2361.4432621002197,4.655019382583367,2.0266042590202604e-05
LINC01160,585.25964,57.268384764902294,527.9912291653454,4.650421941055123,2.0553418387493468e-05
GLO1,2438.011,238.4831566521898,2199.5277030467987,4.648709505817524,2.0661492323172997e-05
PLEKHA1,612.8281,59.94179241359234,552.886296570301,4.648341558970051,2.068478761576777e-05
MYO1E,1294.7002,126.61080995039083,1168.0894838972017,4.647279640350516,2.0752166018802235e-05
BPGM,2528.4219,247.06846449770092,2281.3533391952515,4.643322993129874,2.100514253875821e-05
TOP2A,777.69476,75.90946839749813,701.7852706243284,4.63762719705891,2.1374712823763394e-05
DFNA5,887.76697,86.64662682637572,801.1202847361565,4.637223892544876,2.1401125092259844e-05
ARPC1B,1879.5245,183.01853222253249,1696.506048798561,4.625341344699682,2.2194053073717633e-05
SSBP3,1119.862,109.0330284293741,1010.8290228880942,4.624710003431457,2.2236991162010785e-05
FAM65B,887.3346,86.320057393983,801.0146014541388,4.62035580131546,2.253538359749525e-05
ATAD2,874.7073,85.00962845981121,789.6976484967163,4.615421898688307,2.287832009238519e-05
WDFY2,1360.424,131.9532994448673,1228.4707042574883,4.6053175660531425,2.3596922268906135e-05
MCM3,1849.3367,179.33644618093967,1670.0001857280731,4.604221122679444,2.3676237458327288e-05
VTA1,1933.2715,187.1472746161744,1746.1241257190704,4.595285799549985,2.4332572967861833e-05
EXTL2,882.47656,85.21762113983277,797.2588715553284,4.582834555660092,2.527745594687429e-05
KIF22,1316.6167,126.86795109789819,1189.7488444447517,4.571942581596662,2.613388756300028e-05
ARL8B,2621.7456,252.152905177325,2369.5925755500793,4.562411243615633,2.6906976326805355e-05
MTX3,844.2876,81.06612760666758,763.2214734554291,4.553999516549044,2.7608125048121384e-05
PRELID1,2576.077,246.9262751042843,2329.1506428718567,4.54541833843877,2.8342123925817278e-05
SERPINB1,2746.7358,263.2756291204132,2483.4602880477905,4.545247875661016,2.8356899523239983e-05
ERO1L,1815.0192,173.9625414442271,1641.0565922260284,4.545025442604561,2.8376191390338308e-05
CDK6,1997.2041,190.77299653366208,1806.431056022644,4.52792936608937,2.989868216588339e-05
ARF4,3133.998,298.93354380177334,2835.064544200897,4.520805608012576,3.055681721637825e-05
SDC4,2216.124,211.2507051769644,2004.8733201026917,4.517678944422494,3.085020721759272e-05
TUBA4A,2966.621,282.5242915857816,2684.0963850021362,4.51296349468864,3.1297986980917895e-05
DCTN3,2533.3994,241.26173862950964,2292.1375827789307,4.51286045020007,3.130784391813252e-05
CDKN3,897.82495,85.25271094590425,812.5721802711487,4.498320359166039,3.2730109970562286e-05
ZCRB1,2526.773,239.74502688646317,2287.02792263031,4.494509195119558,3.311341496501381e-05
ITGB7,2195.5435,208.02102598920465,1987.5225662589073,4.48744665378824,3.3835561833033456e-05
EIF5A,213.86792,20.25141169863491,193.61649391055107,4.484531555354516,3.413817716921869e-05
ENOSF1,1142.6144,108.17901542968318,1034.435298204422,4.483775152103408,3.421713784680468e-05
CD86,1709.4058,161.71140819508582,1547.6945760250092,4.479809345957331,3.463410828287341e-05
FAS,2760.4995,261.03346744179726,2499.466296672821,4.477679867684193,3.486008519915589e-05
CD244,1166.3433,110.28078693636053,1056.062427795492,4.477281470723904,3.490252495048495e-05
STXBP2,1191.2195,112.569370361045,1078.6500638723373,4.474492623588284,3.520105229857022e-05
TMED10,2735.19,258.4240596406162,2476.765724658966,4.473548485744266,3.530268997342015e-05
NCOA3,1299.8716,122.81091014354024,1177.060608625412,4.473446595543991,3.53136760135254e-05
TMSB4XP1,101.007515,9.539712516590953,91.46779856830835,4.47168490497105,3.550416393905331e-05
TMEM204,890.8607,84.02773333340883,806.8329508304596,4.4652230216449595,3.621166046099267e-05
MIR4458HG,552.1805,52.049864649772644,500.1306505203247,4.462109939747256,3.6557489604899066e-05
CDC37,3042.191,286.61117232590914,2755.579987049103,4.4594800627191455,3.6852197004625584e-05
